wetland_code,wetland,station,sitecode,log_flux,fluxrate,wl_cm,wfps,wl_rising,wl_change1,wl_change7,flux_cat,colorcat,event,date,wl_delta1,wl_delta7,air_temp_C,DEWP,STP_kPa,precip_mm,snow_mm,RH,water_temp_C,precip_sum2,precip_sum3,precip_sum4,ice_cover,soil_temp,vwc,dist_m,rel_elev_m,afp,wfps_interp,inundated
W6,BB,NA,NA,1.2266598764320542,3.35982127,-5.21400579860122,69.91136900055602,Water level falling,falling,falling,NA,Non-inundated source,NA,NA,NA,NA,NA,NA,NA,NA,NA,NA,NA,NA,NA,NA,NA,NA,NA,NA,NA,NA,NA,NA
W6,BB,NA,NA,-0.8138612274361525,0.39314368,-8.893470332271699,68.56959939336768,Water level falling,falling,falling,NA,Non-inundated source,NA,NA,NA,NA,NA,NA,NA,NA,NA,NA,NA,NA,NA,NA,NA,NA,NA,NA,NA,NA,NA,NA
W6,BB,NA,NA,-2.872702227563953,0.00654592,-23.337676080682098,63.3023122389896,Water level falling,falling,falling,NA,Non-inundated source,NA,NA,NA,NA,NA,NA,NA,NA,NA,NA,NA,NA,NA,NA,NA,NA,NA,NA,NA,NA,NA,NA
W6,BB,NA,NA,-3.0147316235637738,-9.41e-4,-37.3730524364624,58.184110596521364,Water level falling,falling,falling,NA,Non-inundated sink,NA,NA,NA,NA,NA,NA,NA,NA,NA,NA,NA,NA,NA,NA,NA,NA,NA,NA,NA,NA,NA,NA
W6,BB,NA,NA,-3.0106225860491866,-7.39e-4,-52.538175755393,52.653930492215295,Water level falling,falling,falling,NA,Non-inundated sink,NA,NA,NA,NA,NA,NA,NA,NA,NA,NA,NA,NA,NA,NA,NA,NA,NA,NA,NA,NA,NA,NA
W6,BB,NA,NA,-2.5642765338581093,0.02697485,-6.26392900666979,71.24994045318063,Water level rising,falling,rising,NA,Non-inundated source,NA,NA,NA,NA,NA,NA,NA,NA,NA,NA,NA,NA,NA,NA,NA,NA,NA,NA,NA,NA,NA,NA
W6,BB,NA,NA,-3.0147723916342266,-9.43e-4,-19.8984180185308,66.27792814045183,Water level rising,falling,rising,NA,Non-inundated sink,NA,NA,NA,NA,NA,NA,NA,NA,NA,NA,NA,NA,NA,NA,NA,NA,NA,NA,NA,NA,NA,NA
W6,BB,NA,NA,-2.780966921539627,0.01197855,-34.3285812069425,61.015761807334826,Water level rising,falling,rising,NA,Non-inundated source,NA,NA,NA,NA,NA,NA,NA,NA,NA,NA,NA,NA,NA,NA,NA,NA,NA,NA,NA,NA,NA,NA
W6,BB,NA,NA,-0.9123235117089753,0.35159004,-4.29402188952124,73.18517743903257,Water level falling,falling,falling,NA,Non-inundated source,NA,NA,NA,NA,NA,NA,NA,NA,NA,NA,NA,NA,NA,NA,NA,NA,NA,NA,NA,NA,NA,NA
W6,BB,NA,NA,-3.0283071194861697,-0.0016025,-21.363843475453102,62.6186232137274,Water level falling,falling,falling,NA,Non-inundated sink,NA,NA,NA,NA,NA,NA,NA,NA,NA,NA,NA,NA,NA,NA,NA,NA,NA,NA,NA,NA,NA,NA
W6,BB,NA,NA,-3.0414160674911535,-0.0022328,-7.34912536117547,59.642033729976276,Water level rising,falling,rising,NA,Non-inundated sink,NA,NA,NA,NA,NA,NA,NA,NA,NA,NA,NA,NA,NA,NA,NA,NA,NA,NA,NA,NA,NA,NA
W6,BB,NA,NA,-3.0003227938883685,-2.29e-4,0.9503211308522941,74.19424898387068,Water level rising,rising,rising,NA,Non-inundated sink,NA,NA,NA,NA,NA,NA,NA,NA,NA,NA,NA,NA,NA,NA,NA,NA,NA,NA,NA,NA,NA,NA
W6,BB,NA,NA,-2.925993546952798,0.0036114,1.33104622033092,75.29668953340813,Water level rising,falling,rising,NA,Non-inundated source,NA,NA,NA,NA,NA,NA,NA,NA,NA,NA,NA,NA,NA,NA,NA,NA,NA,NA,NA,NA,NA,NA
W6,BB,NA,NA,-2.9194075459334856,0.00396565,-2.06575799181531,75.29668953340813,Water level falling,falling,falling,NA,Non-inundated source,NA,NA,NA,NA,NA,NA,NA,NA,NA,NA,NA,NA,NA,NA,NA,NA,NA,NA,NA,NA,NA,NA
W6,BB,NA,NA,-2.4012591242079133,0.0406038,-2.62325804370565,75.25994151509025,Water level falling,falling,falling,NA,Non-inundated source,NA,NA,NA,NA,NA,NA,NA,NA,NA,NA,NA,NA,NA,NA,NA,NA,NA,NA,NA,NA,NA,NA
W6,BB,NA,NA,-0.5194904384159572,0.54482357,-3.66726618021564,73.18517743903257,Water level falling,falling,falling,NA,Non-inundated source,NA,NA,NA,NA,NA,NA,NA,NA,NA,NA,NA,NA,NA,NA,NA,NA,NA,NA,NA,NA,NA,NA
W6,BB,NA,NA,-2.303790018625461,0.04987958,-14.4867032356927,68.2778180346863,Water level rising,falling,rising,NA,Non-inundated source,NA,NA,NA,NA,NA,NA,NA,NA,NA,NA,NA,NA,NA,NA,NA,NA,NA,NA,NA,NA,NA,NA
W6,BB,NA,NA,-2.6321031460985282,0.02192703,-3.04961904064907,73.53458067129739,Water level rising,rising,rising,NA,Non-inundated source,NA,NA,NA,NA,NA,NA,NA,NA,NA,NA,NA,NA,NA,NA,NA,NA,NA,NA,NA,NA,NA,NA
W6,BB,NA,NA,-3.22304450174042,-0.0101664,-12.0384617801317,70.2566700184661,Water level rising,rising,rising,NA,Non-inundated sink,NA,NA,NA,NA,NA,NA,NA,NA,NA,NA,NA,NA,NA,NA,NA,NA,NA,NA,NA,NA,NA,NA
W6,BB,NA,NA,-3.033974265810859,-0.001876,-17.9516068025165,68.10035672849445,Water level rising,rising,rising,NA,Non-inundated sink,NA,NA,NA,NA,NA,NA,NA,NA,NA,NA,NA,NA,NA,NA,NA,NA,NA,NA,NA,NA,NA,NA
W6,BB,NA,NA,-3.0035628526691793,-3.9e-4,-38.1905420525455,66.94010095393278,Water level falling,falling,falling,NA,Non-inundated sink,NA,NA,NA,NA,NA,NA,NA,NA,NA,NA,NA,NA,NA,NA,NA,NA,NA,NA,NA,NA,NA,NA
W6,BB,NA,NA,-3.0716159752287373,-0.0036538,-39.7099584856888,63.23092825248792,Water level falling,falling,falling,NA,Non-inundated sink,NA,NA,NA,NA,NA,NA,NA,NA,NA,NA,NA,NA,NA,NA,NA,NA,NA,NA,NA,NA,NA,NA
W6,BB,NA,NA,-3.131116810762196,-0.006331,-52.47412682257801,56.738940282861016,Water level falling,falling,falling,NA,Non-inundated sink,NA,NA,NA,NA,NA,NA,NA,NA,NA,NA,NA,NA,NA,NA,NA,NA,NA,NA,NA,NA,NA,NA
W6,BB,NA,NA,-3.041229764526409,-0.0022239,-65.0694711113402,43.5753618719472,Water level falling,falling,falling,NA,Non-inundated sink,NA,NA,NA,NA,NA,NA,NA,NA,NA,NA,NA,NA,NA,NA,NA,NA,NA,NA,NA,NA,NA,NA
W6,BB,NA,NA,-3.0770030683512473,-0.0039028,-77.5945356407376,46.08201497066559,Water level falling,falling,falling,NA,Non-inundated sink,NA,NA,NA,NA,NA,NA,NA,NA,NA,NA,NA,NA,NA,NA,NA,NA,NA,NA,NA,NA,NA,NA
W6,BB,NA,NA,-2.934765498513941,0.00314318,-8.05399921475715,70.36295596816586,Water level rising,falling,rising,NA,Non-inundated source,NA,NA,NA,NA,NA,NA,NA,NA,NA,NA,NA,NA,NA,NA,NA,NA,NA,NA,NA,NA,NA,NA
W2,DB,NA,NA,-2.5944958269791294,0.02468352,-44.813535425241604,54.789019729165254,Water level falling,falling,falling,NA,Non-inundated source,NA,NA,NA,NA,NA,NA,NA,NA,NA,NA,NA,NA,NA,NA,NA,NA,NA,NA,NA,NA,NA,NA
W2,DB,NA,NA,-3.0576991708191876,-0.0030043,-66.9288220578248,46.44666768062566,Water level falling,falling,falling,NA,Non-inundated sink,NA,NA,NA,NA,NA,NA,NA,NA,NA,NA,NA,NA,NA,NA,NA,NA,NA,NA,NA,NA,NA,NA
W2,DB,NA,NA,-2.504398018330212,0.03172478,-128.25909255941502,23.311597525006945,Water level falling,falling,falling,NA,Non-inundated source,NA,NA,NA,NA,NA,NA,NA,NA,NA,NA,NA,NA,NA,NA,NA,NA,NA,NA,NA,NA,NA,NA
W2,DB,NA,NA,-3.0643259390199846,-0.0033147,-32.077159333316104,61.314890159689924,Water level rising,falling,rising,NA,Non-inundated sink,NA,NA,NA,NA,NA,NA,NA,NA,NA,NA,NA,NA,NA,NA,NA,NA,NA,NA,NA,NA,NA,NA
W2,DB,NA,NA,-3.0615516145912847,-0.003185,-51.4493086014178,54.007307318178896,Water level rising,falling,rising,NA,Non-inundated sink,NA,NA,NA,NA,NA,NA,NA,NA,NA,NA,NA,NA,NA,NA,NA,NA,NA,NA,NA,NA,NA,NA
W2,DB,NA,NA,-3.06254965599133,-0.0032317,-108.436278275912,32.510621740355546,Water level rising,falling,rising,NA,Non-inundated sink,NA,NA,NA,NA,NA,NA,NA,NA,NA,NA,NA,NA,NA,NA,NA,NA,NA,NA,NA,NA,NA,NA
W2,DB,NA,NA,-2.9098254396809113,0.00448524,-9.06288958197394,78.26977837900198,Water level rising,falling,rising,NA,Non-inundated source,NA,NA,NA,NA,NA,NA,NA,NA,NA,NA,NA,NA,NA,NA,NA,NA,NA,NA,NA,NA,NA,NA
W2,DB,NA,NA,-3.0600980096197623,-0.0031169,-29.2236578486046,62.52949435200149,Water level falling,falling,falling,NA,Non-inundated sink,NA,NA,NA,NA,NA,NA,NA,NA,NA,NA,NA,NA,NA,NA,NA,NA,NA,NA,NA,NA,NA,NA
W2,DB,NA,NA,-3.0123495793774286,-8.24e-4,-87.45927427076971,48.71887020576317,Water level falling,falling,falling,NA,Non-inundated sink,NA,NA,NA,NA,NA,NA,NA,NA,NA,NA,NA,NA,NA,NA,NA,NA,NA,NA,NA,NA,NA,NA
W2,DB,NA,NA,-3.1435758848191218,-0.0068717,3.8960288888888703,76.51249181921555,Water level rising,rising,rising,NA,Non-inundated sink,NA,NA,NA,NA,NA,NA,NA,NA,NA,NA,NA,NA,NA,NA,NA,NA,NA,NA,NA,NA,NA,NA
W2,DB,NA,NA,-3.052677298398285,-0.0027677,-12.9313701663471,60.82723951483267,Water level rising,rising,rising,NA,Non-inundated sink,NA,NA,NA,NA,NA,NA,NA,NA,NA,NA,NA,NA,NA,NA,NA,NA,NA,NA,NA,NA,NA,NA
W2,DB,NA,NA,-3.021013159142998,-0.0012482,-64.4063732049601,49.25571726037213,Water level rising,falling,rising,NA,Non-inundated sink,NA,NA,NA,NA,NA,NA,NA,NA,NA,NA,NA,NA,NA,NA,NA,NA,NA,NA,NA,NA,NA,NA
W2,DB,NA,NA,-3.0254371264604143,-0.0014634,-4.68111657520622,75.9182263570161,Water level rising,rising,rising,NA,Non-inundated sink,NA,NA,NA,NA,NA,NA,NA,NA,NA,NA,NA,NA,NA,NA,NA,NA,NA,NA,NA,NA,NA,NA
W2,DB,NA,NA,-3.2001473036292185,-0.0092438,-43.8453082878684,44.98008339749208,Water level rising,falling,rising,NA,Non-inundated sink,NA,NA,NA,NA,NA,NA,NA,NA,NA,NA,NA,NA,NA,NA,NA,NA,NA,NA,NA,NA,NA,NA
W2,DB,NA,NA,-3.036683443083645,-0.0020062,-38.980033569679904,57.12947406130359,Water level rising,rising,rising,NA,Non-inundated sink,NA,NA,NA,NA,NA,NA,NA,NA,NA,NA,NA,NA,NA,NA,NA,NA,NA,NA,NA,NA,NA,NA
W2,DB,NA,NA,-3.045929326928085,-0.0024479,-20.3170668302931,55.34118258064643,Water level rising,rising,rising,NA,Non-inundated sink,NA,NA,NA,NA,NA,NA,NA,NA,NA,NA,NA,NA,NA,NA,NA,NA,NA,NA,NA,NA,NA,NA
W2,DB,NA,NA,-3.028063334957429,-0.0015907,-27.5445622525665,65.76376418959767,Water level rising,rising,rising,NA,Non-inundated sink,NA,NA,NA,NA,NA,NA,NA,NA,NA,NA,NA,NA,NA,NA,NA,NA,NA,NA,NA,NA,NA,NA
W2,DB,NA,NA,-2.9946208913680272,5.56e-5,-5.15059564699845,79.24037476177,Water level rising,rising,rising,NA,Non-inundated source,NA,NA,NA,NA,NA,NA,NA,NA,NA,NA,NA,NA,NA,NA,NA,NA,NA,NA,NA,NA,NA,NA
W2,DB,NA,NA,-3.0323008267946303,-0.0017954,-45.1561411629796,57.8452701341155,Water level falling,falling,falling,NA,Non-inundated sink,NA,NA,NA,NA,NA,NA,NA,NA,NA,NA,NA,NA,NA,NA,NA,NA,NA,NA,NA,NA,NA,NA
W2,DB,NA,NA,-2.991819936734075,1.96e-4,-19.5813851301786,58.90761434695476,Water level falling,falling,falling,NA,Non-inundated source,NA,NA,NA,NA,NA,NA,NA,NA,NA,NA,NA,NA,NA,NA,NA,NA,NA,NA,NA,NA,NA,NA
W2,DB,NA,NA,-2.894244667939726,0.00534081,-43.5694039260721,56.77157602489757,Water level falling,falling,falling,NA,Non-inundated source,NA,NA,NA,NA,NA,NA,NA,NA,NA,NA,NA,NA,NA,NA,NA,NA,NA,NA,NA,NA,NA,NA
W2,DB,NA,NA,-2.9912423682811387,2.25e-4,-18.3542419722976,67.96717090274952,Water level falling,falling,falling,NA,Non-inundated source,NA,NA,NA,NA,NA,NA,NA,NA,NA,NA,NA,NA,NA,NA,NA,NA,NA,NA,NA,NA,NA,NA
W2,DB,NA,NA,0.454649569135547,1.52562114,-3.1565855152405202,77.50933691908715,Water level falling,falling,falling,NA,Non-inundated source,NA,NA,NA,NA,NA,NA,NA,NA,NA,NA,NA,NA,NA,NA,NA,NA,NA,NA,NA,NA,NA,NA
W2,DB,NA,NA,-3.042561860910789,-0.0022875,-68.76539278259,53.28207016993934,Water level falling,falling,falling,NA,Non-inundated sink,NA,NA,NA,NA,NA,NA,NA,NA,NA,NA,NA,NA,NA,NA,NA,NA,NA,NA,NA,NA,NA,NA
W2,DB,NA,NA,-3.0239116076993064,-0.0013893,-40.021599101492896,59.31754903273728,Water level falling,falling,falling,NA,Non-inundated sink,NA,NA,NA,NA,NA,NA,NA,NA,NA,NA,NA,NA,NA,NA,NA,NA,NA,NA,NA,NA,NA,NA
W2,DB,NA,NA,-3.069195837998352,-0.0035415,-30.044187505058602,63.19426587166417,Water level rising,rising,rising,NA,Non-inundated sink,NA,NA,NA,NA,NA,NA,NA,NA,NA,NA,NA,NA,NA,NA,NA,NA,NA,NA,NA,NA,NA,NA
W2,DB,NA,NA,-3.2393055987797146,-0.0108089,-56.1427996937015,53.34931950161867,Water level rising,rising,rising,NA,Non-inundated sink,NA,NA,NA,NA,NA,NA,NA,NA,NA,NA,NA,NA,NA,NA,NA,NA,NA,NA,NA,NA,NA,NA
W2,DB,NA,NA,-3.067847156307532,-0.0034788,-123.780002325719,27.83514167028251,Water level rising,rising,rising,NA,Non-inundated sink,NA,NA,NA,NA,NA,NA,NA,NA,NA,NA,NA,NA,NA,NA,NA,NA,NA,NA,NA,NA,NA,NA
W2,DB,NA,NA,-3.441881885634669,-0.0179956,-42.788693599380004,58.38676966824875,Water level rising,rising,rising,NA,Non-inundated sink,NA,NA,NA,NA,NA,NA,NA,NA,NA,NA,NA,NA,NA,NA,NA,NA,NA,NA,NA,NA,NA,NA
W2,DB,NA,NA,-3.0955216700882904,-0.0047486,-93.8618744861301,39.12088981443445,Water level rising,rising,rising,NA,Non-inundated sink,NA,NA,NA,NA,NA,NA,NA,NA,NA,NA,NA,NA,NA,NA,NA,NA,NA,NA,NA,NA,NA,NA
W2,DB,NA,NA,-3.001569275754624,-2.91e-4,-61.837004242461305,55.24002403891465,Water level falling,falling,falling,NA,Non-inundated sink,NA,NA,NA,NA,NA,NA,NA,NA,NA,NA,NA,NA,NA,NA,NA,NA,NA,NA,NA,NA,NA,NA
W2,DB,NA,NA,-3.090810280312563,-0.0045349,-79.7916304126156,29.921857248900935,Water level falling,falling,falling,NA,Non-inundated sink,NA,NA,NA,NA,NA,NA,NA,NA,NA,NA,NA,NA,NA,NA,NA,NA,NA,NA,NA,NA,NA,NA
W2,DB,NA,NA,-3.186837090493145,-0.0086977,-134.53418851536,25.500235093925625,Water level falling,falling,falling,NA,Non-inundated sink,NA,NA,NA,NA,NA,NA,NA,NA,NA,NA,NA,NA,NA,NA,NA,NA,NA,NA,NA,NA,NA,NA
W2,DB,NA,NA,-2.9132150300711523,0.00430087,-70.50951732753839,51.15139756576228,Water level falling,falling,falling,NA,Non-inundated source,NA,NA,NA,NA,NA,NA,NA,NA,NA,NA,NA,NA,NA,NA,NA,NA,NA,NA,NA,NA,NA,NA
W2,DB,NA,NA,-3.0467014099601015,-0.0024846,-112.081381192718,21.48057753500651,Water level falling,falling,falling,NA,Non-inundated sink,NA,NA,NA,NA,NA,NA,NA,NA,NA,NA,NA,NA,NA,NA,NA,NA,NA,NA,NA,NA,NA,NA
W2,DB,NA,NA,-3.0560811833824695,-0.0029282,-12.4662074288741,68.478344722119445,Water level rising,rising,rising,NA,Non-inundated sink,NA,NA,NA,NA,NA,NA,NA,NA,NA,NA,NA,NA,NA,NA,NA,NA,NA,NA,NA,NA,NA,NA
W2,DB,NA,NA,-3.0421071568639464,-0.0022658,-61.1492396087434,50.114079316828004,Water level rising,rising,rising,NA,Non-inundated sink,NA,NA,NA,NA,NA,NA,NA,NA,NA,NA,NA,NA,NA,NA,NA,NA,NA,NA,NA,NA,NA,NA
W2,DB,NA,NA,-2.8140670987982683,0.00996063,-5.09762884575742,71.25792780684061,Water level rising,rising,rising,NA,Non-inundated source,NA,NA,NA,NA,NA,NA,NA,NA,NA,NA,NA,NA,NA,NA,NA,NA,NA,NA,NA,NA,NA,NA
W2,DB,NA,NA,-3.05341223514103,-0.0028024,-42.204578873029604,57.260404477480435,Water level rising,rising,rising,NA,Non-inundated sink,NA,NA,NA,NA,NA,NA,NA,NA,NA,NA,NA,NA,NA,NA,NA,NA,NA,NA,NA,NA,NA,NA
W5,DK,NA,NA,-3.066573280362858,-0.0034195,-43.472688066097795,48.42867416680404,Water level falling,falling,falling,NA,Non-inundated sink,NA,NA,NA,NA,NA,NA,NA,NA,NA,NA,NA,NA,NA,NA,NA,NA,NA,NA,NA,NA,NA,NA
W5,DK,NA,NA,-2.8049461425622093,0.01051003,-75.7161919360594,34.27295801690823,Water level falling,falling,falling,NA,Non-inundated source,NA,NA,NA,NA,NA,NA,NA,NA,NA,NA,NA,NA,NA,NA,NA,NA,NA,NA,NA,NA,NA,NA
W5,DK,NA,NA,-3.0470739901665103,-0.0025023,-113.093595355399,17.863329728425754,Water level falling,falling,falling,NA,Non-inundated sink,NA,NA,NA,NA,NA,NA,NA,NA,NA,NA,NA,NA,NA,NA,NA,NA,NA,NA,NA,NA,NA,NA
W5,DK,NA,NA,-3.0427190647783275,-0.002295,-134.865645844482,8.304847251842913,Water level falling,falling,falling,NA,Non-inundated sink,NA,NA,NA,NA,NA,NA,NA,NA,NA,NA,NA,NA,NA,NA,NA,NA,NA,NA,NA,NA,NA,NA
W5,DK,NA,NA,-3.0480408199776297,-0.0025482,-145.800890022429,3.5039976532039736,Water level falling,falling,falling,NA,Non-inundated sink,NA,NA,NA,NA,NA,NA,NA,NA,NA,NA,NA,NA,NA,NA,NA,NA,NA,NA,NA,NA,NA,NA
W5,DK,NA,NA,-2.84090542238211,0.00837279,-25.3082835548216,58.12474957591334,Water level rising,falling,rising,NA,Non-inundated source,NA,NA,NA,NA,NA,NA,NA,NA,NA,NA,NA,NA,NA,NA,NA,NA,NA,NA,NA,NA,NA,NA
W5,DK,NA,NA,-2.819566290154803,0.0096318,-59.815932947869,42.97501610469538,Water level rising,falling,rising,NA,Non-inundated source,NA,NA,NA,NA,NA,NA,NA,NA,NA,NA,NA,NA,NA,NA,NA,NA,NA,NA,NA,NA,NA,NA
W5,DK,NA,NA,-3.035842021781867,-0.0019658,-100.00374244497401,25.331548253886304,Water level rising,falling,rising,NA,Non-inundated sink,NA,NA,NA,NA,NA,NA,NA,NA,NA,NA,NA,NA,NA,NA,NA,NA,NA,NA,NA,NA,NA,NA
W5,DK,NA,NA,-3.0379552489898742,-0.0020672,-124.16381721681,14.724662537939576,Water level rising,rising,rising,NA,Non-inundated sink,NA,NA,NA,NA,NA,NA,NA,NA,NA,NA,NA,NA,NA,NA,NA,NA,NA,NA,NA,NA,NA,NA
W5,DK,NA,NA,-3.0429769326319165,-0.0023073,-137.188582642167,9.006460104856728,Water level rising,rising,rising,NA,Non-inundated sink,NA,NA,NA,NA,NA,NA,NA,NA,NA,NA,NA,NA,NA,NA,NA,NA,NA,NA,NA,NA,NA,NA
W5,DK,NA,NA,-2.8060010694575475,0.01044623,-16.3605774656757,85.6394226843105,Water level falling,falling,falling,NA,Non-inundated source,NA,NA,NA,NA,NA,NA,NA,NA,NA,NA,NA,NA,NA,NA,NA,NA,NA,NA,NA,NA,NA,NA
W5,DK,NA,NA,-0.5757486276964877,0.51228377,-46.3416992818034,66.16925909543286,Water level falling,falling,falling,NA,Non-inundated source,NA,NA,NA,NA,NA,NA,NA,NA,NA,NA,NA,NA,NA,NA,NA,NA,NA,NA,NA,NA,NA,NA
W5,DK,NA,NA,-3.0443134595608803,-0.002371,-80.9108855571947,31.495154368130816,Water level falling,falling,falling,NA,Non-inundated sink,NA,NA,NA,NA,NA,NA,NA,NA,NA,NA,NA,NA,NA,NA,NA,NA,NA,NA,NA,NA,NA,NA
W5,DK,NA,NA,-3.04253042310263,-0.002286,-100.29677171791,20.93538343393246,Water level falling,falling,falling,NA,Non-inundated sink,NA,NA,NA,NA,NA,NA,NA,NA,NA,NA,NA,NA,NA,NA,NA,NA,NA,NA,NA,NA,NA,NA
W5,DK,NA,NA,-3.028761791768294,-0.0016245,-109.14412210853499,24.96089600057436,Water level falling,falling,falling,NA,Non-inundated sink,NA,NA,NA,NA,NA,NA,NA,NA,NA,NA,NA,NA,NA,NA,NA,NA,NA,NA,NA,NA,NA,NA
W5,DK,NA,NA,-3.152212999164138,-0.0072426,-0.367622135876339,85.6394226843105,Water level rising,rising,rising,NA,Non-inundated sink,NA,NA,NA,NA,NA,NA,NA,NA,NA,NA,NA,NA,NA,NA,NA,NA,NA,NA,NA,NA,NA,NA
W5,DK,NA,NA,-3.0716095022270875,-0.0036535,-27.658212119050003,61.02657056469973,Water level rising,rising,rising,NA,Non-inundated sink,NA,NA,NA,NA,NA,NA,NA,NA,NA,NA,NA,NA,NA,NA,NA,NA,NA,NA,NA,NA,NA,NA
W5,DK,NA,NA,-2.9445641770033624,0.00262499,-58.8877336340902,30.13036434551181,Water level rising,rising,rising,NA,Non-inundated source,NA,NA,NA,NA,NA,NA,NA,NA,NA,NA,NA,NA,NA,NA,NA,NA,NA,NA,NA,NA,NA,NA
W5,DK,NA,NA,-3.048896791272633,-0.0025888,-75.435880221485,34.93658529901166,Water level rising,rising,rising,NA,Non-inundated sink,NA,NA,NA,NA,NA,NA,NA,NA,NA,NA,NA,NA,NA,NA,NA,NA,NA,NA,NA,NA,NA,NA
W5,DK,NA,NA,-3.0765844754462495,-0.0038835,-81.8002084854554,31.65837779383192,Water level rising,rising,rising,NA,Non-inundated sink,NA,NA,NA,NA,NA,NA,NA,NA,NA,NA,NA,NA,NA,NA,NA,NA,NA,NA,NA,NA,NA,NA
W5,DK,NA,NA,-2.7958909219023655,0.01106045,-17.4592933633849,37.86417447368619,Water level rising,rising,rising,NA,Non-inundated source,NA,NA,NA,NA,NA,NA,NA,NA,NA,NA,NA,NA,NA,NA,NA,NA,NA,NA,NA,NA,NA,NA
W5,DK,NA,NA,-3.011922632952719,-8.03e-4,-27.7871970320138,47.19617692062627,Water level rising,rising,rising,NA,Non-inundated sink,NA,NA,NA,NA,NA,NA,NA,NA,NA,NA,NA,NA,NA,NA,NA,NA,NA,NA,NA,NA,NA,NA
W5,DK,NA,NA,-2.9910034719809047,2.37e-4,-14.400726690498,37.479233698075674,Water level rising,rising,rising,NA,Non-inundated source,NA,NA,NA,NA,NA,NA,NA,NA,NA,NA,NA,NA,NA,NA,NA,NA,NA,NA,NA,NA,NA,NA
W5,DK,NA,NA,-2.915275128694487,0.00418912,-22.672993282801603,51.68312086312596,Water level rising,rising,rising,NA,Non-inundated source,NA,NA,NA,NA,NA,NA,NA,NA,NA,NA,NA,NA,NA,NA,NA,NA,NA,NA,NA,NA,NA,NA
W5,DK,NA,NA,-3.032680530692402,-0.0018137,-21.7959265510673,58.206227311684174,Water level rising,rising,rising,NA,Non-inundated sink,NA,NA,NA,NA,NA,NA,NA,NA,NA,NA,NA,NA,NA,NA,NA,NA,NA,NA,NA,NA,NA,NA
W5,DK,NA,NA,-2.9902075629112908,2.77e-4,-24.4626590532801,35.274572892306516,Water level falling,falling,falling,NA,Non-inundated source,NA,NA,NA,NA,NA,NA,NA,NA,NA,NA,NA,NA,NA,NA,NA,NA,NA,NA,NA,NA,NA,NA
W5,DK,NA,NA,-2.872105899059273,0.00657965,-37.663659907007904,41.97703784976306,Water level falling,falling,falling,NA,Non-inundated source,NA,NA,NA,NA,NA,NA,NA,NA,NA,NA,NA,NA,NA,NA,NA,NA,NA,NA,NA,NA,NA,NA
W5,DK,NA,NA,-3.04359356925534,-0.0023367,-41.0992356540198,48.45139439191945,Water level falling,falling,falling,NA,Non-inundated sink,NA,NA,NA,NA,NA,NA,NA,NA,NA,NA,NA,NA,NA,NA,NA,NA,NA,NA,NA,NA,NA,NA
W5,DK,NA,NA,-2.9999411183280458,-2.1e-4,-22.2309706495574,34.67966442090845,Water level falling,falling,falling,NA,Non-inundated sink,NA,NA,NA,NA,NA,NA,NA,NA,NA,NA,NA,NA,NA,NA,NA,NA,NA,NA,NA,NA,NA,NA
W5,DK,NA,NA,-2.9222509834387305,0.00381242,-34.256250149044796,42.402121777355596,Water level falling,falling,falling,NA,Non-inundated source,NA,NA,NA,NA,NA,NA,NA,NA,NA,NA,NA,NA,NA,NA,NA,NA,NA,NA,NA,NA,NA,NA
W5,DK,NA,NA,-3.042756797384125,-0.0022968,-36.663069711096306,52.109456736831206,Water level falling,falling,falling,NA,Non-inundated sink,NA,NA,NA,NA,NA,NA,NA,NA,NA,NA,NA,NA,NA,NA,NA,NA,NA,NA,NA,NA,NA,NA
W5,DK,NA,NA,0.9834773886035573,2.62373772,-8.35084419158356,78.05458369979385,Water level falling,falling,falling,NA,Non-inundated source,NA,NA,NA,NA,NA,NA,NA,NA,NA,NA,NA,NA,NA,NA,NA,NA,NA,NA,NA,NA,NA,NA
W5,DK,NA,NA,-2.9634587130036953,0.00164,-41.831166364400005,33.06991208653736,Water level falling,falling,falling,NA,Non-inundated source,NA,NA,NA,NA,NA,NA,NA,NA,NA,NA,NA,NA,NA,NA,NA,NA,NA,NA,NA,NA,NA,NA
W5,DK,NA,NA,-3.0644780327185646,-0.0033218,-60.2918360810788,39.56822892673865,Water level falling,falling,falling,NA,Non-inundated sink,NA,NA,NA,NA,NA,NA,NA,NA,NA,NA,NA,NA,NA,NA,NA,NA,NA,NA,NA,NA,NA,NA
W5,DK,NA,NA,-3.049295510734475,-0.0026077,-68.32962208317281,44.75746869068506,Water level falling,falling,falling,NA,Non-inundated sink,NA,NA,NA,NA,NA,NA,NA,NA,NA,NA,NA,NA,NA,NA,NA,NA,NA,NA,NA,NA,NA,NA
W5,DK,NA,NA,-2.2353217562904937,0.05695771,-6.47284389970287,67.50648130781012,Water level rising,rising,rising,NA,Non-inundated source,NA,NA,NA,NA,NA,NA,NA,NA,NA,NA,NA,NA,NA,NA,NA,NA,NA,NA,NA,NA,NA,NA
W5,DK,NA,NA,-3.0553676348500085,-0.0028946,-39.4120582467941,53.045330609719024,Water level rising,rising,rising,NA,Non-inundated sink,NA,NA,NA,NA,NA,NA,NA,NA,NA,NA,NA,NA,NA,NA,NA,NA,NA,NA,NA,NA,NA,NA
W5,DK,NA,NA,-2.9239795871952454,0.00371948,-77.6530231878441,36.256576906436536,Water level rising,rising,rising,NA,Non-inundated source,NA,NA,NA,NA,NA,NA,NA,NA,NA,NA,NA,NA,NA,NA,NA,NA,NA,NA,NA,NA,NA,NA
W5,DK,NA,NA,-3.0536092984742207,-0.0028117,-100.158848735205,26.375948564914623,Water level rising,rising,rising,NA,Non-inundated sink,NA,NA,NA,NA,NA,NA,NA,NA,NA,NA,NA,NA,NA,NA,NA,NA,NA,NA,NA,NA,NA,NA
W5,DK,NA,NA,-2.95053426775278,0.00231175,-32.5413738314999,83.21527113931786,Water level falling,falling,falling,NA,Non-inundated source,NA,NA,NA,NA,NA,NA,NA,NA,NA,NA,NA,NA,NA,NA,NA,NA,NA,NA,NA,NA,NA,NA
W5,DK,NA,NA,-3.1215268157985827,-0.0059102,-64.6761089284324,58.16952138095911,Water level falling,falling,falling,NA,Non-inundated sink,NA,NA,NA,NA,NA,NA,NA,NA,NA,NA,NA,NA,NA,NA,NA,NA,NA,NA,NA,NA,NA,NA
W5,DK,NA,NA,-3.022041341905313,-0.0012983,-101.91850140537599,15.782571800029961,Water level falling,falling,falling,NA,Non-inundated sink,NA,NA,NA,NA,NA,NA,NA,NA,NA,NA,NA,NA,NA,NA,NA,NA,NA,NA,NA,NA,NA,NA
W5,DK,NA,NA,-3.052114282991503,-0.0027411,-123.57583202837701,21.998093252913804,Water level falling,falling,falling,NA,Non-inundated sink,NA,NA,NA,NA,NA,NA,NA,NA,NA,NA,NA,NA,NA,NA,NA,NA,NA,NA,NA,NA,NA,NA
W5,DK,NA,NA,-3.0585400266683473,-0.0030438,-134.410696323502,23.311181609731836,Water level falling,falling,falling,NA,Non-inundated sink,NA,NA,NA,NA,NA,NA,NA,NA,NA,NA,NA,NA,NA,NA,NA,NA,NA,NA,NA,NA,NA,NA
W5,DK,NA,NA,-2.20491705875089,0.06025967,-0.6044320361592861,68.73615741354143,Water level rising,rising,rising,NA,Non-inundated source,NA,NA,NA,NA,NA,NA,NA,NA,NA,NA,NA,NA,NA,NA,NA,NA,NA,NA,NA,NA,NA,NA
W5,DK,NA,NA,-2.9879426912791613,3.91e-4,-28.743591285347197,56.382352670896594,Water level rising,rising,rising,NA,Non-inundated source,NA,NA,NA,NA,NA,NA,NA,NA,NA,NA,NA,NA,NA,NA,NA,NA,NA,NA,NA,NA,NA,NA
W5,DK,NA,NA,-3.0342028681165814,-0.001887,-42.6658326017044,50.27013555455815,Water level rising,rising,rising,NA,Non-inundated sink,NA,NA,NA,NA,NA,NA,NA,NA,NA,NA,NA,NA,NA,NA,NA,NA,NA,NA,NA,NA,NA,NA
W5,DK,NA,NA,-3.052179881252961,-0.0027442,-46.732493753517005,48.48476814613275,Water level rising,rising,rising,NA,Non-inundated sink,NA,NA,NA,NA,NA,NA,NA,NA,NA,NA,NA,NA,NA,NA,NA,NA,NA,NA,NA,NA,NA,NA
W4,ND,NA,NA,-2.9817110321917366,7.06e-4,-28.6050995473014,55.39417280522502,Water level falling,falling,falling,NA,Non-inundated source,NA,NA,NA,NA,NA,NA,NA,NA,NA,NA,NA,NA,NA,NA,NA,NA,NA,NA,NA,NA,NA,NA
W4,ND,NA,NA,-3.0238128688819113,-0.0013845,-53.2181552759152,44.546372145949874,Water level falling,falling,falling,NA,Non-inundated sink,NA,NA,NA,NA,NA,NA,NA,NA,NA,NA,NA,NA,NA,NA,NA,NA,NA,NA,NA,NA,NA,NA
W4,ND,NA,NA,-3.0353216946717003,-0.0019408,-83.7537634978447,31.088303604865466,Water level falling,falling,falling,NA,Non-inundated sink,NA,NA,NA,NA,NA,NA,NA,NA,NA,NA,NA,NA,NA,NA,NA,NA,NA,NA,NA,NA,NA,NA
W4,ND,NA,NA,-3.067028510036233,-0.0034407,-112.781259783183,18.294910666859312,Water level falling,falling,falling,NA,Non-inundated sink,NA,NA,NA,NA,NA,NA,NA,NA,NA,NA,NA,NA,NA,NA,NA,NA,NA,NA,NA,NA,NA,NA
W4,ND,NA,NA,-3.059918856629028,-0.0031085,-150.29311702344802,1.762174781143269,Water level falling,falling,falling,NA,Non-inundated sink,NA,NA,NA,NA,NA,NA,NA,NA,NA,NA,NA,NA,NA,NA,NA,NA,NA,NA,NA,NA,NA,NA
W4,ND,NA,NA,-3.012919124976812,-8.52e-4,-25.470320559460603,58.49721626916616,Water level rising,falling,rising,NA,Non-inundated sink,NA,NA,NA,NA,NA,NA,NA,NA,NA,NA,NA,NA,NA,NA,NA,NA,NA,NA,NA,NA,NA,NA
W4,ND,NA,NA,-3.0719850056002396,-0.0036709,-49.7526053608756,47.79519747142415,Water level rising,rising,rising,NA,Non-inundated sink,NA,NA,NA,NA,NA,NA,NA,NA,NA,NA,NA,NA,NA,NA,NA,NA,NA,NA,NA,NA,NA,NA
W4,ND,NA,NA,-3.062453441599935,-0.0032272,-79.9363296177001,34.49221601707709,Water level rising,rising,rising,NA,Non-inundated sink,NA,NA,NA,NA,NA,NA,NA,NA,NA,NA,NA,NA,NA,NA,NA,NA,NA,NA,NA,NA,NA,NA
W4,ND,NA,NA,-3.063704951329846,-0.0032857,-108.51140366218901,21.898220762018983,Water level rising,rising,rising,NA,Non-inundated sink,NA,NA,NA,NA,NA,NA,NA,NA,NA,NA,NA,NA,NA,NA,NA,NA,NA,NA,NA,NA,NA,NA
W4,ND,NA,NA,-3.07715927224972,-0.00391,-145.578881723664,5.561337711554206,Water level rising,rising,rising,NA,Non-inundated sink,NA,NA,NA,NA,NA,NA,NA,NA,NA,NA,NA,NA,NA,NA,NA,NA,NA,NA,NA,NA,NA,NA
W4,ND,NA,NA,-2.448923055068962,0.03638657,-8.59527754628814,85.6394226843105,Water level rising,falling,rising,NA,Non-inundated source,NA,NA,NA,NA,NA,NA,NA,NA,NA,NA,NA,NA,NA,NA,NA,NA,NA,NA,NA,NA,NA,NA
W4,ND,NA,NA,-3.061466175541315,-0.003181,-31.4851026195838,42.74145578875974,Water level rising,falling,rising,NA,Non-inundated sink,NA,NA,NA,NA,NA,NA,NA,NA,NA,NA,NA,NA,NA,NA,NA,NA,NA,NA,NA,NA,NA,NA
W4,ND,NA,NA,-3.0648165777922176,-0.0033376,-60.1874867401112,49.447392357965384,Water level falling,falling,falling,NA,Non-inundated sink,NA,NA,NA,NA,NA,NA,NA,NA,NA,NA,NA,NA,NA,NA,NA,NA,NA,NA,NA,NA,NA,NA
W4,ND,NA,NA,-3.0418055318569466,-0.0022514,-86.8579806093606,32.51892046082911,Water level falling,falling,falling,NA,Non-inundated sink,NA,NA,NA,NA,NA,NA,NA,NA,NA,NA,NA,NA,NA,NA,NA,NA,NA,NA,NA,NA,NA,NA
W4,ND,NA,NA,-3.100695090526646,-0.0049821,-122.054737698712,36.580623449117596,Water level falling,falling,falling,NA,Non-inundated sink,NA,NA,NA,NA,NA,NA,NA,NA,NA,NA,NA,NA,NA,NA,NA,NA,NA,NA,NA,NA,NA,NA
W4,ND,NA,NA,-3.0616776505159624,-0.0031909,1.08300469722221,85.6394226843105,Water level rising,rising,rising,NA,Non-inundated sink,NA,NA,NA,NA,NA,NA,NA,NA,NA,NA,NA,NA,NA,NA,NA,NA,NA,NA,NA,NA,NA,NA
W4,ND,NA,NA,-3.049261750545752,-0.0026061,-45.3015424789961,38.660301986880576,Water level rising,rising,rising,NA,Non-inundated sink,NA,NA,NA,NA,NA,NA,NA,NA,NA,NA,NA,NA,NA,NA,NA,NA,NA,NA,NA,NA,NA,NA
W4,ND,NA,NA,-2.998115110255785,-1.19e-4,-68.4494071256066,32.625191442727235,Water level rising,rising,rising,NA,Non-inundated sink,NA,NA,NA,NA,NA,NA,NA,NA,NA,NA,NA,NA,NA,NA,NA,NA,NA,NA,NA,NA,NA,NA
W4,ND,NA,NA,-3.0380115794368088,-0.0020699,-100.18615951183301,28.9148310351481,Water level rising,rising,rising,NA,Non-inundated sink,NA,NA,NA,NA,NA,NA,NA,NA,NA,NA,NA,NA,NA,NA,NA,NA,NA,NA,NA,NA,NA,NA
W4,ND,NA,NA,-3.0940002232502426,-0.0046797,-13.8476871386361,50.04230082936344,Water level rising,rising,rising,NA,Non-inundated sink,NA,NA,NA,NA,NA,NA,NA,NA,NA,NA,NA,NA,NA,NA,NA,NA,NA,NA,NA,NA,NA,NA
W4,ND,NA,NA,-3.0335670675370716,-0.0018564,-32.77148240188,35.104847687017006,Water level rising,rising,rising,NA,Non-inundated sink,NA,NA,NA,NA,NA,NA,NA,NA,NA,NA,NA,NA,NA,NA,NA,NA,NA,NA,NA,NA,NA,NA
W4,ND,NA,NA,-3.048392817991527,-0.0025649,-60.359259971555105,35.361269334147046,Water level rising,rising,rising,NA,Non-inundated sink,NA,NA,NA,NA,NA,NA,NA,NA,NA,NA,NA,NA,NA,NA,NA,NA,NA,NA,NA,NA,NA,NA
W4,ND,NA,NA,-3.0472845488426215,-0.0025123,-17.4154182606068,45.83821685872857,Water level rising,rising,rising,NA,Non-inundated sink,NA,NA,NA,NA,NA,NA,NA,NA,NA,NA,NA,NA,NA,NA,NA,NA,NA,NA,NA,NA,NA,NA
W4,ND,NA,NA,-3.042058974542031,-0.0022635,-53.487893274795795,38.40965462157348,Water level rising,falling,rising,NA,Non-inundated sink,NA,NA,NA,NA,NA,NA,NA,NA,NA,NA,NA,NA,NA,NA,NA,NA,NA,NA,NA,NA,NA,NA
W4,ND,NA,NA,-2.832258390169856,0.00887973,1.25234595694446,71.70396811144448,Water level falling,falling,falling,NA,Non-inundated source,NA,NA,NA,NA,NA,NA,NA,NA,NA,NA,NA,NA,NA,NA,NA,NA,NA,NA,NA,NA,NA,NA
W4,ND,NA,NA,-3.0462300949404146,-0.0024622,-24.339013761449397,40.9497516914144,Water level falling,rising,falling,NA,Non-inundated sink,NA,NA,NA,NA,NA,NA,NA,NA,NA,NA,NA,NA,NA,NA,NA,NA,NA,NA,NA,NA,NA,NA
W4,ND,NA,NA,-3.046232198531771,-0.0024623,-58.445195961832894,29.623132322520682,Water level rising,rising,rising,NA,Non-inundated sink,NA,NA,NA,NA,NA,NA,NA,NA,NA,NA,NA,NA,NA,NA,NA,NA,NA,NA,NA,NA,NA,NA
W4,ND,NA,NA,-3.0414014131913203,-0.0022321,-21.507621728167102,40.77263338825091,Water level falling,falling,falling,NA,Non-inundated sink,NA,NA,NA,NA,NA,NA,NA,NA,NA,NA,NA,NA,NA,NA,NA,NA,NA,NA,NA,NA,NA,NA
W4,ND,NA,NA,-3.061233391172268,-0.0031701,-54.7783996847495,33.31705802375518,Water level falling,falling,falling,NA,Non-inundated sink,NA,NA,NA,NA,NA,NA,NA,NA,NA,NA,NA,NA,NA,NA,NA,NA,NA,NA,NA,NA,NA,NA
W4,ND,NA,NA,-0.9157107251106025,0.35023207,-7.49825027072618,71.70396811144448,Water level falling,falling,falling,NA,Non-inundated source,NA,NA,NA,NA,NA,NA,NA,NA,NA,NA,NA,NA,NA,NA,NA,NA,NA,NA,NA,NA,NA,NA
W4,ND,NA,NA,-3.055696738322048,-0.0029101,-37.923438701988,43.60652623886775,Water level falling,falling,falling,NA,Non-inundated sink,NA,NA,NA,NA,NA,NA,NA,NA,NA,NA,NA,NA,NA,NA,NA,NA,NA,NA,NA,NA,NA,NA
W4,ND,NA,NA,-3.0563170211654125,-0.0029393,-76.8081402278051,33.31705802375518,Water level falling,falling,falling,NA,Non-inundated sink,NA,NA,NA,NA,NA,NA,NA,NA,NA,NA,NA,NA,NA,NA,NA,NA,NA,NA,NA,NA,NA,NA
W4,ND,NA,NA,-1.6832922244545818,0.1357614,3.44054068611113,72.3517001333705,Water level rising,rising,rising,NA,Non-inundated source,NA,NA,NA,NA,NA,NA,NA,NA,NA,NA,NA,NA,NA,NA,NA,NA,NA,NA,NA,NA,NA,NA
W4,ND,NA,NA,-2.9369940416174027,0.00302488,-20.7643850881398,61.68377605816616,Water level rising,rising,rising,NA,Non-inundated source,NA,NA,NA,NA,NA,NA,NA,NA,NA,NA,NA,NA,NA,NA,NA,NA,NA,NA,NA,NA,NA,NA
W4,ND,NA,NA,-3.1259821989432535,-0.0061062,-51.181708445986295,48.27783963105939,Water level rising,rising,rising,NA,Non-inundated sink,NA,NA,NA,NA,NA,NA,NA,NA,NA,NA,NA,NA,NA,NA,NA,NA,NA,NA,NA,NA,NA,NA
W4,ND,NA,NA,-3.1019976429129237,-0.0050407,-80.057124191789,35.551473696738896,Water level rising,rising,rising,NA,Non-inundated sink,NA,NA,NA,NA,NA,NA,NA,NA,NA,NA,NA,NA,NA,NA,NA,NA,NA,NA,NA,NA,NA,NA
W4,ND,NA,NA,-3.087150437089112,-0.0043682,-117.41960454655501,19.08457322353171,Water level rising,rising,rising,NA,Non-inundated sink,NA,NA,NA,NA,NA,NA,NA,NA,NA,NA,NA,NA,NA,NA,NA,NA,NA,NA,NA,NA,NA,NA
W4,ND,NA,NA,-2.929771514276728,0.00340924,-15.8107619707861,85.6394226843105,Water level falling,falling,falling,NA,Non-inundated source,NA,NA,NA,NA,NA,NA,NA,NA,NA,NA,NA,NA,NA,NA,NA,NA,NA,NA,NA,NA,NA,NA
W4,ND,NA,NA,-2.9061448008832866,0.00468615,-41.0930928458563,73.14045910375998,Water level falling,falling,falling,NA,Non-inundated source,NA,NA,NA,NA,NA,NA,NA,NA,NA,NA,NA,NA,NA,NA,NA,NA,NA,NA,NA,NA,NA,NA
W4,ND,NA,NA,-3.053124126403411,-0.0027888,-72.3406959044418,39.47392680805729,Water level falling,falling,falling,NA,Non-inundated sink,NA,NA,NA,NA,NA,NA,NA,NA,NA,NA,NA,NA,NA,NA,NA,NA,NA,NA,NA,NA,NA,NA
W4,ND,NA,NA,-3.0655197463672614,-0.0033704,-102.28361412262299,17.35759371002857,Water level falling,falling,falling,NA,Non-inundated sink,NA,NA,NA,NA,NA,NA,NA,NA,NA,NA,NA,NA,NA,NA,NA,NA,NA,NA,NA,NA,NA,NA
W4,ND,NA,NA,-3.0713182605105858,-0.00364,-140.694619128037,19.473802483206722,Water level falling,falling,falling,NA,Non-inundated sink,NA,NA,NA,NA,NA,NA,NA,NA,NA,NA,NA,NA,NA,NA,NA,NA,NA,NA,NA,NA,NA,NA
W4,ND,NA,NA,-1.745960058621157,0.1244774,3.26771544356851,70.92882467021498,Water level rising,rising,rising,NA,Non-inundated source,NA,NA,NA,NA,NA,NA,NA,NA,NA,NA,NA,NA,NA,NA,NA,NA,NA,NA,NA,NA,NA,NA
W4,ND,NA,NA,-3.038284931475244,-0.0020830000000000002,-22.5090669443508,59.568130570920744,Water level rising,rising,rising,NA,Non-inundated sink,NA,NA,NA,NA,NA,NA,NA,NA,NA,NA,NA,NA,NA,NA,NA,NA,NA,NA,NA,NA,NA,NA
W4,ND,NA,NA,-3.0466530057724985,-0.0024823,-44.987593398585204,49.66108868313516,Water level rising,rising,rising,NA,Non-inundated sink,NA,NA,NA,NA,NA,NA,NA,NA,NA,NA,NA,NA,NA,NA,NA,NA,NA,NA,NA,NA,NA,NA
W4,ND,NA,NA,-3.069699640208514,-0.0035649,-76.06690693807761,35.963390940079975,Water level rising,rising,rising,NA,Non-inundated sink,NA,NA,NA,NA,NA,NA,NA,NA,NA,NA,NA,NA,NA,NA,NA,NA,NA,NA,NA,NA,NA,NA
W1,QB,NA,NA,0.7314487117795341,2.02808898,-0.682358826852916,63.84528624196048,Water level falling,falling,falling,NA,Non-inundated source,NA,NA,NA,NA,NA,NA,NA,NA,NA,NA,NA,NA,NA,NA,NA,NA,NA,NA,NA,NA,NA,NA
W1,QB,NA,NA,-2.9098794007045465,0.0044823,-22.9539814938354,48.903131392045204,Water level falling,falling,falling,NA,Non-inundated source,NA,NA,NA,NA,NA,NA,NA,NA,NA,NA,NA,NA,NA,NA,NA,NA,NA,NA,NA,NA,NA,NA
W1,QB,NA,NA,-2.9187773435476467,0.00399967,-46.4055790052833,33.169324891568095,Water level falling,falling,falling,NA,Non-inundated source,NA,NA,NA,NA,NA,NA,NA,NA,NA,NA,NA,NA,NA,NA,NA,NA,NA,NA,NA,NA,NA,NA
W1,QB,NA,NA,-2.9484871118101914,0.00241895,-54.007576516731305,28.069102708245836,Water level falling,falling,falling,NA,Non-inundated source,NA,NA,NA,NA,NA,NA,NA,NA,NA,NA,NA,NA,NA,NA,NA,NA,NA,NA,NA,NA,NA,NA
W1,QB,NA,NA,-3.028697711796467,-0.0016214,-89.3071488726447,4.386424343737172,Water level falling,falling,falling,NA,Non-inundated sink,NA,NA,NA,NA,NA,NA,NA,NA,NA,NA,NA,NA,NA,NA,NA,NA,NA,NA,NA,NA,NA,NA
W1,QB,NA,NA,-1.630394577375639,0.14585228,0.680162653522892,66.48085047566799,Water level rising,falling,rising,NA,Non-inundated source,NA,NA,NA,NA,NA,NA,NA,NA,NA,NA,NA,NA,NA,NA,NA,NA,NA,NA,NA,NA,NA,NA
W1,QB,NA,NA,-3.0821336548106713,-0.0041387,-19.8777517851038,52.688431956084294,Water level rising,falling,rising,NA,Non-inundated sink,NA,NA,NA,NA,NA,NA,NA,NA,NA,NA,NA,NA,NA,NA,NA,NA,NA,NA,NA,NA,NA,NA
W1,QB,NA,NA,-3.088902943742156,-0.0044481,-41.4480741150193,38.21678338177539,Water level rising,falling,rising,NA,Non-inundated sink,NA,NA,NA,NA,NA,NA,NA,NA,NA,NA,NA,NA,NA,NA,NA,NA,NA,NA,NA,NA,NA,NA
W1,QB,NA,NA,-3.046122817648495,-0.0024571,-47.1687964449348,34.378719124621426,Water level rising,falling,rising,NA,Non-inundated sink,NA,NA,NA,NA,NA,NA,NA,NA,NA,NA,NA,NA,NA,NA,NA,NA,NA,NA,NA,NA,NA,NA
W1,QB,NA,NA,-3.114452748469286,-0.0055972,-80.46951392047,12.037083556666506,Water level rising,falling,rising,NA,Non-inundated sink,NA,NA,NA,NA,NA,NA,NA,NA,NA,NA,NA,NA,NA,NA,NA,NA,NA,NA,NA,NA,NA,NA
W1,QB,NA,NA,-2.539681407970161,0.02889153,-15.763738223823301,49.212529533198854,Water level falling,falling,falling,NA,Non-inundated source,NA,NA,NA,NA,NA,NA,NA,NA,NA,NA,NA,NA,NA,NA,NA,NA,NA,NA,NA,NA,NA,NA
W1,QB,NA,NA,-3.098451835158506,-0.004881,-36.8039484284211,43.12899437713275,Water level falling,falling,falling,NA,Non-inundated sink,NA,NA,NA,NA,NA,NA,NA,NA,NA,NA,NA,NA,NA,NA,NA,NA,NA,NA,NA,NA,NA,NA
W1,QB,NA,NA,-3.057773648491348,-0.0030078,-41.994558633018904,29.236868715181167,Water level falling,falling,falling,NA,Non-inundated sink,NA,NA,NA,NA,NA,NA,NA,NA,NA,NA,NA,NA,NA,NA,NA,NA,NA,NA,NA,NA,NA,NA
W1,QB,NA,NA,-3.0442294806395402,-0.002367,-74.732031975404,13.304382656644211,Water level falling,falling,falling,NA,Non-inundated sink,NA,NA,NA,NA,NA,NA,NA,NA,NA,NA,NA,NA,NA,NA,NA,NA,NA,NA,NA,NA,NA,NA
W1,QB,NA,NA,-2.791575189884877,0.01132454,-28.774327470312898,32.11569759868635,Water level rising,falling,rising,NA,Non-inundated source,NA,NA,NA,NA,NA,NA,NA,NA,NA,NA,NA,NA,NA,NA,NA,NA,NA,NA,NA,NA,NA,NA
W1,QB,NA,NA,-3.0036636438802713,-3.95e-4,-32.7558239901727,24.536241412917054,Water level rising,falling,rising,NA,Non-inundated sink,NA,NA,NA,NA,NA,NA,NA,NA,NA,NA,NA,NA,NA,NA,NA,NA,NA,NA,NA,NA,NA,NA
W1,QB,NA,NA,-3.0317056250980507,-0.0017667,-64.2086140425237,17.513972481598042,Water level rising,falling,rising,NA,Non-inundated sink,NA,NA,NA,NA,NA,NA,NA,NA,NA,NA,NA,NA,NA,NA,NA,NA,NA,NA,NA,NA,NA,NA
W1,QB,NA,NA,-3.036008583653741,-0.0019738,-14.8211620526804,53.260885119697306,Water level rising,rising,rising,NA,Non-inundated sink,NA,NA,NA,NA,NA,NA,NA,NA,NA,NA,NA,NA,NA,NA,NA,NA,NA,NA,NA,NA,NA,NA
W1,QB,NA,NA,-3.0218729841323295,-0.0012901,-16.259240239603102,38.67256014976257,Water level rising,rising,rising,NA,Non-inundated sink,NA,NA,NA,NA,NA,NA,NA,NA,NA,NA,NA,NA,NA,NA,NA,NA,NA,NA,NA,NA,NA,NA
W1,QB,NA,NA,-3.095042241858018,-0.0047269,-45.0096483132084,29.588392679099396,Water level rising,rising,rising,NA,Non-inundated sink,NA,NA,NA,NA,NA,NA,NA,NA,NA,NA,NA,NA,NA,NA,NA,NA,NA,NA,NA,NA,NA,NA
W1,QB,NA,NA,-3.001348012339627,-2.8e-4,-1.22174680781942,70.56106477904146,Water level rising,rising,rising,NA,Non-inundated sink,NA,NA,NA,NA,NA,NA,NA,NA,NA,NA,NA,NA,NA,NA,NA,NA,NA,NA,NA,NA,NA,NA
W1,QB,NA,NA,-3.028608833471868,-0.0016171,-29.744637762264098,31.39002783051993,Water level rising,rising,rising,NA,Non-inundated sink,NA,NA,NA,NA,NA,NA,NA,NA,NA,NA,NA,NA,NA,NA,NA,NA,NA,NA,NA,NA,NA,NA
W1,QB,NA,NA,-1.3706780528697997,0.20393472,-6.3361616671131,70.13595990376588,Water level falling,falling,falling,NA,Non-inundated source,NA,NA,NA,NA,NA,NA,NA,NA,NA,NA,NA,NA,NA,NA,NA,NA,NA,NA,NA,NA,NA,NA
W1,QB,NA,NA,-2.76576104397357,0.01292819,-9.8658172606503,70.56106477904146,Water level falling,falling,falling,NA,Non-inundated source,NA,NA,NA,NA,NA,NA,NA,NA,NA,NA,NA,NA,NA,NA,NA,NA,NA,NA,NA,NA,NA,NA
W1,QB,NA,NA,-3.0371648711210164,-0.0020293,-40.8385263287836,23.282669649127367,Water level falling,falling,falling,NA,Non-inundated sink,NA,NA,NA,NA,NA,NA,NA,NA,NA,NA,NA,NA,NA,NA,NA,NA,NA,NA,NA,NA,NA,NA
W1,QB,NA,NA,-1.5641080615826022,0.15927459,-5.3455025896269,70.13595990376588,Water level falling,falling,falling,NA,Non-inundated source,NA,NA,NA,NA,NA,NA,NA,NA,NA,NA,NA,NA,NA,NA,NA,NA,NA,NA,NA,NA,NA,NA
W1,QB,NA,NA,-2.558050539126633,0.02745559,-8.63954375711854,70.56106477904146,Water level falling,falling,falling,NA,Non-inundated source,NA,NA,NA,NA,NA,NA,NA,NA,NA,NA,NA,NA,NA,NA,NA,NA,NA,NA,NA,NA,NA,NA
W1,QB,NA,NA,-3.0353196139068115,-0.0019407,-39.3619124975784,27.059174101143526,Water level falling,falling,falling,NA,Non-inundated sink,NA,NA,NA,NA,NA,NA,NA,NA,NA,NA,NA,NA,NA,NA,NA,NA,NA,NA,NA,NA,NA,NA
W1,QB,NA,NA,1.1715856116365533,3.17710552,-13.6045736879665,70.13595990376588,Water level falling,falling,falling,NA,Non-inundated source,NA,NA,NA,NA,NA,NA,NA,NA,NA,NA,NA,NA,NA,NA,NA,NA,NA,NA,NA,NA,NA,NA
W1,QB,NA,NA,-2.556475393129012,0.02757769,-18.7954489871935,59.92008429259744,Water level falling,falling,falling,NA,Non-inundated source,NA,NA,NA,NA,NA,NA,NA,NA,NA,NA,NA,NA,NA,NA,NA,NA,NA,NA,NA,NA,NA,NA
W1,QB,NA,NA,-3.0710249471894704,-0.0036264,-51.5332039926221,23.663784777312525,Water level falling,falling,falling,NA,Non-inundated sink,NA,NA,NA,NA,NA,NA,NA,NA,NA,NA,NA,NA,NA,NA,NA,NA,NA,NA,NA,NA,NA,NA
W1,QB,NA,NA,-2.45576039865338,0.03579793,-13.7166045912616,57.93447559796372,Water level rising,rising,rising,NA,Non-inundated source,NA,NA,NA,NA,NA,NA,NA,NA,NA,NA,NA,NA,NA,NA,NA,NA,NA,NA,NA,NA,NA,NA
W1,QB,NA,NA,-3.0930871423107766,-0.0046383,-33.005986535209395,44.99312254635517,Water level rising,rising,rising,NA,Non-inundated sink,NA,NA,NA,NA,NA,NA,NA,NA,NA,NA,NA,NA,NA,NA,NA,NA,NA,NA,NA,NA,NA,NA
W1,QB,NA,NA,-3.0778798616014194,-0.0039432,-36.445768479157195,42.68535381190155,Water level rising,rising,rising,NA,Non-inundated sink,NA,NA,NA,NA,NA,NA,NA,NA,NA,NA,NA,NA,NA,NA,NA,NA,NA,NA,NA,NA,NA,NA
W1,QB,NA,NA,-3.113507309242374,-0.0055552,-67.3229867946018,21.969657236815692,Water level rising,rising,rising,NA,Non-inundated sink,NA,NA,NA,NA,NA,NA,NA,NA,NA,NA,NA,NA,NA,NA,NA,NA,NA,NA,NA,NA,NA,NA
W1,QB,NA,NA,-2.179561325107085,0.06309113,-19.4049423128447,66.59709859885933,Water level falling,falling,falling,NA,Non-inundated source,NA,NA,NA,NA,NA,NA,NA,NA,NA,NA,NA,NA,NA,NA,NA,NA,NA,NA,NA,NA,NA,NA
W1,QB,NA,NA,-3.0313014217927976,-0.0017472,-40.9489005400464,35.66717216513994,Water level falling,falling,falling,NA,Non-inundated sink,NA,NA,NA,NA,NA,NA,NA,NA,NA,NA,NA,NA,NA,NA,NA,NA,NA,NA,NA,NA,NA,NA
W1,QB,NA,NA,-3.0396758016614784,-0.0021496,-63.624322649061504,13.965579131642986,Water level falling,falling,falling,NA,Non-inundated sink,NA,NA,NA,NA,NA,NA,NA,NA,NA,NA,NA,NA,NA,NA,NA,NA,NA,NA,NA,NA,NA,NA
W1,QB,NA,NA,-3.0458956801893975,-0.0024463,-70.4501447580766,19.904487770759417,Water level falling,falling,falling,NA,Non-inundated sink,NA,NA,NA,NA,NA,NA,NA,NA,NA,NA,NA,NA,NA,NA,NA,NA,NA,NA,NA,NA,NA,NA
W1,QB,NA,NA,-3.0325539467063525,-0.0018076,-104.925030748905,15.036724148394793,Water level falling,falling,falling,NA,Non-inundated sink,NA,NA,NA,NA,NA,NA,NA,NA,NA,NA,NA,NA,NA,NA,NA,NA,NA,NA,NA,NA,NA,NA
W1,QB,NA,NA,-1.6961922679111345,0.13338046,-12.0559770868447,57.70189420513984,Water level rising,rising,rising,NA,Non-inundated source,NA,NA,NA,NA,NA,NA,NA,NA,NA,NA,NA,NA,NA,NA,NA,NA,NA,NA,NA,NA,NA,NA
W1,QB,NA,NA,-3.021616395710039,-0.0012776,-32.3232814769896,44.10444757468543,Water level rising,falling,rising,NA,Non-inundated sink,NA,NA,NA,NA,NA,NA,NA,NA,NA,NA,NA,NA,NA,NA,NA,NA,NA,NA,NA,NA,NA,NA
W1,QB,NA,NA,-3.029922142651215,-0.0016806,-36.7409858671345,41.14058526138596,Water level rising,falling,rising,NA,Non-inundated sink,NA,NA,NA,NA,NA,NA,NA,NA,NA,NA,NA,NA,NA,NA,NA,NA,NA,NA,NA,NA,NA,NA
W1,QB,NA,NA,-3.037721615826253,-0.002056,-68.65724678166349,19.727789258776404,Water level rising,falling,rising,NA,Non-inundated sink,NA,NA,NA,NA,NA,NA,NA,NA,NA,NA,NA,NA,NA,NA,NA,NA,NA,NA,NA,NA,NA,NA
W3,TB,NA,NA,-3.015812539388183,-9.94e-4,-54.237809980528894,52.531103231269924,Water level falling,falling,falling,NA,Non-inundated sink,NA,NA,NA,NA,NA,NA,NA,NA,NA,NA,NA,NA,NA,NA,NA,NA,NA,NA,NA,NA,NA,NA
W3,TB,NA,NA,-3.055745582260366,-0.0029124,-78.360551385903,43.86261171765779,Water level falling,falling,falling,NA,Non-inundated sink,NA,NA,NA,NA,NA,NA,NA,NA,NA,NA,NA,NA,NA,NA,NA,NA,NA,NA,NA,NA,NA,NA
W3,TB,NA,NA,-3.257346419430791,-0.0115096,-111.687582454469,31.886564669895954,Water level falling,falling,falling,NA,Non-inundated sink,NA,NA,NA,NA,NA,NA,NA,NA,NA,NA,NA,NA,NA,NA,NA,NA,NA,NA,NA,NA,NA,NA
W3,TB,NA,NA,-3.054179517578868,-0.0028386,-43.2568551292369,58.19854328633842,Water level rising,falling,rising,NA,Non-inundated sink,NA,NA,NA,NA,NA,NA,NA,NA,NA,NA,NA,NA,NA,NA,NA,NA,NA,NA,NA,NA,NA,NA
W3,TB,NA,NA,-3.081013511733669,-0.0040873,-65.8243507698976,50.088928331838915,Water level rising,falling,rising,NA,Non-inundated sink,NA,NA,NA,NA,NA,NA,NA,NA,NA,NA,NA,NA,NA,NA,NA,NA,NA,NA,NA,NA,NA,NA
W3,TB,NA,NA,-3.0246401077212353,-0.0014247,-97.1175989153769,38.843719861378204,Water level rising,falling,rising,NA,Non-inundated sink,NA,NA,NA,NA,NA,NA,NA,NA,NA,NA,NA,NA,NA,NA,NA,NA,NA,NA,NA,NA,NA,NA
W3,TB,NA,NA,-3.0475667669949122,-0.0025257,-23.6126133280039,65.89980939516269,Water level falling,falling,falling,NA,Non-inundated sink,NA,NA,NA,NA,NA,NA,NA,NA,NA,NA,NA,NA,NA,NA,NA,NA,NA,NA,NA,NA,NA,NA
W3,TB,NA,NA,-3.083521407463592,-0.0042023,-47.047968987941104,48.79491139245735,Water level falling,falling,falling,NA,Non-inundated sink,NA,NA,NA,NA,NA,NA,NA,NA,NA,NA,NA,NA,NA,NA,NA,NA,NA,NA,NA,NA,NA,NA
W3,TB,NA,NA,-3.0387671313178006,-0.0021061,-79.476111004782,37.57454300753127,Water level falling,falling,falling,NA,Non-inundated sink,NA,NA,NA,NA,NA,NA,NA,NA,NA,NA,NA,NA,NA,NA,NA,NA,NA,NA,NA,NA,NA,NA
W3,TB,NA,NA,-3.048302171927454,-0.0025606,-13.846513792481598,76.93943558443782,Water level rising,rising,rising,NA,Non-inundated sink,NA,NA,NA,NA,NA,NA,NA,NA,NA,NA,NA,NA,NA,NA,NA,NA,NA,NA,NA,NA,NA,NA
W3,TB,NA,NA,-2.8654902850922257,0.0069552,-35.7903574858102,50.16525306702526,Water level rising,rising,rising,NA,Non-inundated source,NA,NA,NA,NA,NA,NA,NA,NA,NA,NA,NA,NA,NA,NA,NA,NA,NA,NA,NA,NA,NA,NA
W3,TB,NA,NA,-3.112724621886001,-0.0055204,-66.268060777086,42.79629935196025,Water level rising,rising,rising,NA,Non-inundated sink,NA,NA,NA,NA,NA,NA,NA,NA,NA,NA,NA,NA,NA,NA,NA,NA,NA,NA,NA,NA,NA,NA
W3,TB,NA,NA,-2.9773816803413977,9.26e-4,-21.1609937067463,65.89165663925185,Water level rising,rising,rising,NA,Non-inundated source,NA,NA,NA,NA,NA,NA,NA,NA,NA,NA,NA,NA,NA,NA,NA,NA,NA,NA,NA,NA,NA,NA
W3,TB,NA,NA,-2.8762683402867575,0.00634463,-53.4678117822179,50.89106088703222,Water level rising,rising,rising,NA,Non-inundated source,NA,NA,NA,NA,NA,NA,NA,NA,NA,NA,NA,NA,NA,NA,NA,NA,NA,NA,NA,NA,NA,NA
W3,TB,NA,NA,-2.9850693253857377,5.36e-4,-7.55878595542407,73.407322645481,Water level rising,rising,rising,NA,Non-inundated source,NA,NA,NA,NA,NA,NA,NA,NA,NA,NA,NA,NA,NA,NA,NA,NA,NA,NA,NA,NA,NA,NA
W3,TB,NA,NA,-3.0089796336396204,-6.58e-4,-38.055967660449205,51.646577741724315,Water level rising,rising,rising,NA,Non-inundated sink,NA,NA,NA,NA,NA,NA,NA,NA,NA,NA,NA,NA,NA,NA,NA,NA,NA,NA,NA,NA,NA,NA
W3,TB,NA,NA,-3.0355089812435927,-0.0019498,-25.244260775140297,58.99149384763759,Water level rising,rising,rising,NA,Non-inundated sink,NA,NA,NA,NA,NA,NA,NA,NA,NA,NA,NA,NA,NA,NA,NA,NA,NA,NA,NA,NA,NA,NA
W3,TB,NA,NA,-3.0185015369667942,-0.0011256,-30.162528599702,62.77158949493459,Water level rising,rising,rising,NA,Non-inundated sink,NA,NA,NA,NA,NA,NA,NA,NA,NA,NA,NA,NA,NA,NA,NA,NA,NA,NA,NA,NA,NA,NA
W3,TB,NA,NA,-2.7735722457404948,0.01243856,-17.416766635777,73.9936409899248,Water level rising,rising,rising,NA,Non-inundated source,NA,NA,NA,NA,NA,NA,NA,NA,NA,NA,NA,NA,NA,NA,NA,NA,NA,NA,NA,NA,NA,NA
W3,TB,NA,NA,-2.6258277477244603,0.02237982,-7.78893572089427,73.407322645481,Water level falling,falling,falling,NA,Non-inundated source,NA,NA,NA,NA,NA,NA,NA,NA,NA,NA,NA,NA,NA,NA,NA,NA,NA,NA,NA,NA,NA,NA
W3,TB,NA,NA,-3.1230157962584406,-0.0059758,-42.5330184934257,56.65651680939523,Water level falling,falling,falling,NA,Non-inundated sink,NA,NA,NA,NA,NA,NA,NA,NA,NA,NA,NA,NA,NA,NA,NA,NA,NA,NA,NA,NA,NA,NA
W3,TB,NA,NA,-2.952023569591535,0.0022339,-27.2231345095837,68.10902152975405,Water level falling,falling,falling,NA,Non-inundated source,NA,NA,NA,NA,NA,NA,NA,NA,NA,NA,NA,NA,NA,NA,NA,NA,NA,NA,NA,NA,NA,NA
W3,TB,NA,NA,-1.913268608193291,0.09759716,-7.85004925331436,65.1315337088748,Water level falling,falling,falling,NA,Non-inundated source,NA,NA,NA,NA,NA,NA,NA,NA,NA,NA,NA,NA,NA,NA,NA,NA,NA,NA,NA,NA,NA,NA
W3,TB,NA,NA,-3.136657792622023,-0.0065723,-42.0377266377157,53.74633161567459,Water level falling,falling,falling,NA,Non-inundated sink,NA,NA,NA,NA,NA,NA,NA,NA,NA,NA,NA,NA,NA,NA,NA,NA,NA,NA,NA,NA,NA,NA
W3,TB,NA,NA,-2.418806935446975,0.03902777,-27.055139941009,66.03850727524951,Water level falling,falling,falling,NA,Non-inundated source,NA,NA,NA,NA,NA,NA,NA,NA,NA,NA,NA,NA,NA,NA,NA,NA,NA,NA,NA,NA,NA,NA
W3,TB,NA,NA,-0.5954721084100981,0.50130223,-23.540295026472798,69.68142632770154,Water level falling,falling,falling,NA,Non-inundated source,NA,NA,NA,NA,NA,NA,NA,NA,NA,NA,NA,NA,NA,NA,NA,NA,NA,NA,NA,NA,NA,NA
W3,TB,NA,NA,-2.98796253628963,3.9e-4,-60.677334210185094,54.593600722707194,Water level falling,falling,falling,NA,Non-inundated source,NA,NA,NA,NA,NA,NA,NA,NA,NA,NA,NA,NA,NA,NA,NA,NA,NA,NA,NA,NA,NA,NA
W3,TB,NA,NA,-2.7366743922288177,0.01478544,-43.9598288080014,58.37397205243456,Water level falling,falling,falling,NA,Non-inundated source,NA,NA,NA,NA,NA,NA,NA,NA,NA,NA,NA,NA,NA,NA,NA,NA,NA,NA,NA,NA,NA,NA
W3,TB,NA,NA,-2.6943831225546986,0.01758406,-38.2407944460343,61.11355735399855,Water level rising,rising,rising,NA,Non-inundated source,NA,NA,NA,NA,NA,NA,NA,NA,NA,NA,NA,NA,NA,NA,NA,NA,NA,NA,NA,NA,NA,NA
W3,TB,NA,NA,-3.2211884970341296,-0.0100924,-64.9302809980735,51.52270763293514,Water level rising,rising,rising,NA,Non-inundated sink,NA,NA,NA,NA,NA,NA,NA,NA,NA,NA,NA,NA,NA,NA,NA,NA,NA,NA,NA,NA,NA,NA
W3,TB,NA,NA,-3.209522206666086,-0.0096241,-101.61382495074001,38.34049985235241,Water level rising,rising,rising,NA,Non-inundated sink,NA,NA,NA,NA,NA,NA,NA,NA,NA,NA,NA,NA,NA,NA,NA,NA,NA,NA,NA,NA,NA,NA
W3,TB,NA,NA,-3.1260072597441755,-0.0061073,-47.5009879323704,57.78591281717871,Water level rising,rising,rising,NA,Non-inundated sink,NA,NA,NA,NA,NA,NA,NA,NA,NA,NA,NA,NA,NA,NA,NA,NA,NA,NA,NA,NA,NA,NA
W3,TB,NA,NA,-3.165427479272502,-0.0078039,-85.1630814491716,44.25206388396726,Water level rising,rising,rising,NA,Non-inundated sink,NA,NA,NA,NA,NA,NA,NA,NA,NA,NA,NA,NA,NA,NA,NA,NA,NA,NA,NA,NA,NA,NA
W3,TB,NA,NA,-3.047577299064538,-0.0025262,-62.658204257654305,54.55978521434264,Water level falling,falling,falling,NA,Non-inundated sink,NA,NA,NA,NA,NA,NA,NA,NA,NA,NA,NA,NA,NA,NA,NA,NA,NA,NA,NA,NA,NA,NA
W3,TB,NA,NA,-2.928820445937538,0.00346006,-84.3096653850809,51.26690029559947,Water level falling,falling,falling,NA,Non-inundated source,NA,NA,NA,NA,NA,NA,NA,NA,NA,NA,NA,NA,NA,NA,NA,NA,NA,NA,NA,NA,NA,NA
W3,TB,NA,NA,-2.998536200886725,-1.4e-4,-114.405022244023,28.733474064582737,Water level falling,rising,falling,NA,Non-inundated sink,NA,NA,NA,NA,NA,NA,NA,NA,NA,NA,NA,NA,NA,NA,NA,NA,NA,NA,NA,NA,NA,NA
W3,TB,NA,NA,-3.0429035488314624,-0.0023038,-69.8528073198992,52.874662701058,Water level falling,falling,falling,NA,Non-inundated sink,NA,NA,NA,NA,NA,NA,NA,NA,NA,NA,NA,NA,NA,NA,NA,NA,NA,NA,NA,NA,NA,NA
W3,TB,NA,NA,-3.0647415737473214,-0.0033341,-101.829682915234,44.497894066105935,Water level falling,falling,falling,NA,Non-inundated sink,NA,NA,NA,NA,NA,NA,NA,NA,NA,NA,NA,NA,NA,NA,NA,NA,NA,NA,NA,NA,NA,NA
W3,TB,NA,NA,-3.0624384757487997,-0.0032265,-26.7909195390915,63.88135692048585,Water level rising,rising,rising,NA,Non-inundated sink,NA,NA,NA,NA,NA,NA,NA,NA,NA,NA,NA,NA,NA,NA,NA,NA,NA,NA,NA,NA,NA,NA
W3,TB,NA,NA,-3.060100142586794,-0.003117,-60.153817129574804,51.89242126128313,Water level rising,rising,rising,NA,Non-inundated sink,NA,NA,NA,NA,NA,NA,NA,NA,NA,NA,NA,NA,NA,NA,NA,NA,NA,NA,NA,NA,NA,NA
W3,TB,NA,NA,-0.7495777322969707,0.42256606,-10.859823979149901,69.60618580055385,Water level rising,rising,rising,NA,Non-inundated source,NA,NA,NA,NA,NA,NA,NA,NA,NA,NA,NA,NA,NA,NA,NA,NA,NA,NA,NA,NA,NA,NA
W3,TB,NA,NA,-3.022330901438003,-0.0013124,-45.6563950175258,57.10206051561567,Water level rising,rising,rising,NA,Non-inundated sink,NA,NA,NA,NA,NA,NA,NA,NA,NA,NA,NA,NA,NA,NA,NA,NA,NA,NA,NA,NA,NA,NA
W6,BB,wetland_well,center,-0.6227201269107305,0.4864831488,18.97091039998595,NA,Water level rising,falling,rising,inundated,Inundated source,02,2017-11-01,-1.5746868712855004,29.8178304506284,11.8,8.3,2.32,0,NA,79.1,15.356000000000002,0,49.5,49.8,FALSE,NA,NA,NA,NA,NA,NA,TRUE
W6,BB,wetland_well,center,0.3519579184760776,1.3718486889000001,32.8945727168564,NA,Water level falling,falling,falling,inundated,Inundated source,03,2017-11-28,-0.6659974435808493,-2.4029329018153973,7.4,2.8,2.5600000000000005,0,NA,72.6,12.408000000000001,0,0,0,FALSE,NA,NA,NA,NA,NA,NA,TRUE
W6,BB,wetland_well,center,0.24032537109656116,1.22166284535,59.5975890659226,NA,Water level rising,falling,rising,inundated,Inundated source,06,2018-03-08,-0.9930939777778036,3.5886236449073508,3.1,-4.1,0.76,14.2,NA,59.2,9.527000000000001,34,34,34,FALSE,NA,NA,NA,NA,NA,NA,TRUE
W6,BB,wetland_well,center,0.782500695587101,2.13693429015,54.4058569997189,NA,Water level falling,falling,falling,inundated,Inundated source,07,2018-04-11,-0.20369615138890396,-1.4144897270833496,5.1,-3.3,2.06,0,NA,54.6,10.867,0,0,0,FALSE,NA,NA,NA,NA,NA,NA,TRUE
W6,BB,wetland_well,center,0.7448147916435095,2.0560513405500003,53.71896227749675,NA,Water level falling,falling,falling,inundated,Inundated source,08,2018-05-02,-0.8159176277777433,-3.7544107611110533,21.7,6.2,1.87,0,NA,36.6,21.989,0,0,4.3,FALSE,NA,NA,NA,NA,NA,NA,TRUE
W6,BB,wetland_well,center,1.5839802343710112,4.824318181050001,39.80157232819115,NA,Water level rising,falling,rising,inundated,Inundated source,09,2018-06-26,-4.025521734722247,0.789380122916647,21.7,16.3,2.1,0,NA,71.4,21.989,0,0,3.6,FALSE,NA,NA,NA,NA,NA,NA,TRUE
W6,BB,wetland_well,center,0.2512818899904305,1.23567245145,32.9194360191634,NA,Water level rising,rising,rising,inundated,Inundated source,10,2018-07-22,50.5465644125,53.0680522576389,23.9,21.9,0.6900000000000001,0.5,NA,88.6,23.463,18.8,18.8,18.8,FALSE,NA,NA,NA,NA,NA,NA,TRUE
W6,BB,wetland_well,center,0.9436866381981043,2.5194365617500005,47.1814099635975,NA,Water level rising,falling,rising,inundated,Inundated source,12,2018-09-29,-1.980412800075797,23.916307912027904,18.7,14.6,2.07,0,NA,77.1,19.979,5.6,6.8999999999999995,7.699999999999999,FALSE,NA,NA,NA,NA,NA,NA,TRUE
W2,DB,wetland_well,center,-0.9555878040027087,0.3345860169,13.83514524386495,NA,Water level falling,falling,falling,inundated,Inundated source,01,2017-10-17,-1.6162543164347003,-3.3459154218829,9.6,3.2,2.42,0.8,NA,64.4,13.882000000000001,3.8,4.3,5.8,FALSE,NA,NA,NA,NA,NA,NA,TRUE
W2,DB,wetland_well,center,1.1286446090896667,3.04146351765,28.53651460842765,NA,Water level rising,falling,rising,inundated,Inundated source,02,2017-11-01,-0.44513516876714476,24.68643003938689,11.8,8.3,2.32,0,NA,79.1,15.356000000000002,0,49.5,49.8,FALSE,NA,NA,NA,NA,NA,NA,TRUE
W2,DB,wetland_well,center,1.1865748109908474,3.2258415928499997,51.17425171702085,NA,Water level falling,falling,falling,inundated,Inundated source,03,2017-11-28,-0.6908178569681453,-1.1975445249235008,7.4,2.8,2.5600000000000005,0,NA,72.6,12.408000000000001,0,0,0,FALSE,NA,NA,NA,NA,NA,NA,TRUE
W2,DB,wetland_well,center,-0.49638092078713314,0.5587297191,111.2148704460185,NA,Water level rising,rising,rising,inundated,Inundated source,06,2018-03-08,2.955966460416505,5.714686734490499,3.1,-4.1,0.76,14.2,NA,59.2,9.527000000000001,34,34,34,FALSE,NA,NA,NA,NA,NA,NA,TRUE
W2,DB,wetland_well,center,-1.211114274865007,0.24786519075000002,94.35739995203716,NA,Water level falling,falling,falling,inundated,Inundated source,07,2018-04-11,-0.7825465826388864,-5.606530321527856,5.1,-3.3,2.06,0,NA,54.6,10.867,0,0,0,FALSE,NA,NA,NA,NA,NA,NA,TRUE
W2,DB,wetland_well,center,-1.0203729422735095,0.31046048415,95.8051367999538,NA,Water level falling,falling,falling,inundated,Inundated source,08,2018-05-02,-1.063252838194444,-3.0238238694445556,21.7,6.2,1.87,0,NA,36.6,21.989,0,0,4.3,FALSE,NA,NA,NA,NA,NA,NA,TRUE
W2,DB,wetland_well,center,0.0804440422357386,1.0337681997000001,72.6572449513427,NA,Water level falling,falling,falling,inundated,Inundated source,09,2018-06-26,-2.403423388888953,-7.86375843680554,21.7,16.3,2.1,0,NA,71.4,21.989,0,0,3.6,FALSE,NA,NA,NA,NA,NA,NA,TRUE
W2,DB,wetland_well,center,-2.102219225487215,0.07218497115000001,23.49633130967605,NA,Water level rising,rising,rising,inundated,Inundated source,10,2018-07-22,12.601791818055553,7.604632713888883,23.9,21.9,0.6900000000000001,0.5,NA,88.6,23.463,18.8,18.8,18.8,FALSE,NA,NA,NA,NA,NA,NA,TRUE
W2,DB,wetland_well,center,-0.8863212409185143,0.3621692385,72.2259664774089,NA,Water level rising,rising,rising,inundated,Inundated source,12,2018-09-29,1.1625651302328635,29.4372291043069,18.7,14.6,2.07,0,NA,77.1,19.979,5.6,6.8999999999999995,7.699999999999999,FALSE,NA,NA,NA,NA,NA,NA,TRUE
W5,DK,wetland_well,center,-1.4644825312949747,0.18119759805000002,-2.6540402403240497,NA,Water level rising,falling,rising,inundated,Inundated source,02,2017-11-01,-0.5438754628579989,18.215488017443676,11.8,8.3,2.32,0,NA,79.1,15.356000000000002,0,49.5,49.8,FALSE,NA,NA,NA,NA,NA,NA,FALSE
W5,DK,wetland_well,center,-0.5403133591245124,0.5325656715,13.6684020985168,NA,Water level falling,falling,falling,inundated,Inundated source,03,2017-11-28,-1.0582140963602988,-3.198201779648251,7.4,2.8,2.5600000000000005,0,NA,72.6,12.408000000000001,0,0,0,FALSE,NA,NA,NA,NA,NA,NA,TRUE
W5,DK,wetland_well,center,-1.027124358829617,0.308035062,84.11349640784974,NA,Water level rising,rising,rising,inundated,Inundated source,06,2018-03-08,1.446355977083286,6.601188106018483,3.1,-4.1,0.76,14.2,NA,59.2,9.527000000000001,34,34,34,FALSE,NA,NA,NA,NA,NA,NA,TRUE
W5,DK,wetland_well,center,-1.1691341295761672,0.2606357952,71.22356877706275,NA,Water level falling,falling,falling,inundated,Inundated source,07,2018-04-11,-0.9203244134259023,-4.729872080555552,5.1,-3.3,2.06,0,NA,54.6,10.867,0,0,0,FALSE,NA,NA,NA,NA,NA,NA,TRUE
W5,DK,wetland_well,center,-0.9219017801538966,0.3477618657,73.929668430535,NA,Water level falling,falling,falling,inundated,Inundated source,08,2018-05-02,-1.2338789034722453,-3.3507538909722,21.7,6.2,1.87,0,NA,36.6,21.989,0,0,4.3,FALSE,NA,NA,NA,NA,NA,NA,TRUE
W5,DK,wetland_well,center,-1.568066653027425,0.15844779495,17.541400771507206,NA,Water level rising,rising,rising,inundated,Inundated source,10,2018-07-22,26.466637861805566,21.520429350694457,23.9,21.9,0.6900000000000001,0.5,NA,88.6,23.463,18.8,18.8,18.8,FALSE,NA,NA,NA,NA,NA,NA,TRUE
W5,DK,wetland_well,center,-0.018693037493693592,0.93148059375,-5.5350693690020405,NA,Water level falling,falling,falling,inundated,Inundated source,11,2018-09-05,-2.7486579605600894,-16.206159750925938,28,23.7,2.15,0,NA,77.5,26.21,0,0.5,0.8,FALSE,NA,NA,NA,NA,NA,NA,FALSE
W5,DK,wetland_well,center,-0.4830578248183067,0.56689415055,66.5587186851022,NA,Water level rising,rising,rising,inundated,Inundated source,12,2018-09-29,2.0164403247060534,32.75999512794681,18.7,14.6,2.07,0,NA,77.1,19.979,5.6,6.8999999999999995,7.699999999999999,FALSE,NA,NA,NA,NA,NA,NA,TRUE
W4,ND,wetland_well,center,-1.4981990329115835,0.17353237230000002,10.76276421993163,NA,Water level falling,falling,falling,inundated,Inundated source,01,2017-10-17,-1.7723916578942163,-5.042905560344831,9.6,3.2,2.42,0.8,NA,64.4,13.882000000000001,3.8,4.3,5.8,FALSE,NA,NA,NA,NA,NA,NA,TRUE
W4,ND,wetland_well,center,-1.1597353191601412,0.26356916565,14.242805185724539,NA,Water level rising,rising,rising,inundated,Inundated source,02,2017-11-01,0.21369152047530804,11.159397390360313,11.8,8.3,2.32,0,NA,79.1,15.356000000000002,0,49.5,49.8,FALSE,NA,NA,NA,NA,NA,NA,TRUE
W4,ND,wetland_well,center,-1.2563983002890606,0.23467750515000002,33.09039998845425,NA,Water level falling,falling,falling,inundated,Inundated source,03,2017-11-28,-0.5090169810825955,-0.07514994839824851,7.4,2.8,2.5600000000000005,0,NA,72.6,12.408000000000001,0,0,0,FALSE,NA,NA,NA,NA,NA,NA,TRUE
W4,ND,wetland_well,center,-1.8428985053035043,0.10835775945000002,101.82981785959251,NA,Water level rising,rising,rising,inundated,Inundated source,06,2018-03-08,0.5377429687495123,3.6082390921293097,3.1,-4.1,0.76,14.2,NA,59.2,9.527000000000001,34,34,34,FALSE,NA,NA,NA,NA,NA,NA,TRUE
W4,ND,wetland_well,center,-1.3768756545241567,0.20236580055000003,95.1523749975558,NA,Water level falling,rising,falling,inundated,Inundated source,07,2018-04-11,0.6268649876617474,-1.2460588923611056,5.1,-3.3,2.06,0,NA,54.6,10.867,0,0,0,FALSE,NA,NA,NA,NA,NA,NA,TRUE
W4,ND,wetland_well,center,-1.0701881638130337,0.2929439817,98.0580104864447,NA,Water level falling,falling,falling,inundated,Inundated source,08,2018-05-02,-0.9126671034722023,-1.4085413604167911,21.7,6.2,1.87,0,NA,36.6,21.989,0,0,4.3,FALSE,NA,NA,NA,NA,NA,NA,TRUE
W4,ND,wetland_well,center,-0.4705949418765954,0.57463053885,81.98403666144469,NA,Water level falling,falling,falling,inundated,Inundated source,09,2018-06-26,-1.8956346951389094,-4.2752115069444585,21.7,16.3,2.1,0,NA,71.4,21.989,0,0,3.6,FALSE,NA,NA,NA,NA,NA,NA,TRUE
W4,ND,wetland_well,center,-0.5140358384123176,0.5480769595500001,41.308468069778,NA,Water level rising,rising,rising,inundated,Inundated source,10,2018-07-22,14.633991097916653,6.824104327083305,23.9,21.9,0.6900000000000001,0.5,NA,88.6,23.463,18.8,18.8,18.8,FALSE,NA,NA,NA,NA,NA,NA,TRUE
W4,ND,wetland_well,center,0.2887172814629864,1.2847143267,21.448878163296598,NA,Water level falling,falling,falling,inundated,Inundated source,11,2018-09-05,-1.6733129656607026,-11.941552623842554,28,23.7,2.15,0,NA,77.5,26.21,0,0.5,0.8,FALSE,NA,NA,NA,NA,NA,NA,TRUE
W4,ND,wetland_well,center,-1.6325166364747288,0.14543711055000003,73.1760042527454,NA,Water level rising,rising,rising,inundated,Inundated source,12,2018-09-29,2.129951682967402,24.948617959819202,18.7,14.6,2.07,0,NA,77.1,19.979,5.6,6.8999999999999995,7.699999999999999,FALSE,NA,NA,NA,NA,NA,NA,TRUE
W1,QB,wetland_well,center,2.0686995992279296,7.86452436945,24.757311446471448,NA,Water level falling,falling,falling,inundated,Inundated source,01,2017-10-17,-0.9684649122500524,-3.255883204552653,9.6,3.2,2.42,0.8,NA,64.4,13.882000000000001,3.8,4.3,5.8,FALSE,NA,NA,NA,NA,NA,NA,TRUE
W1,QB,wetland_well,center,1.8825006509788975,6.519913398,30.2225389296673,NA,Water level rising,falling,rising,inundated,Inundated source,02,2017-11-01,-0.8014565559085938,11.356158208420851,11.8,8.3,2.32,0,NA,79.1,15.356000000000002,0,49.5,49.8,FALSE,NA,NA,NA,NA,NA,NA,TRUE
W1,QB,wetland_well,center,1.6855311421400496,5.345315851050001,35.1817199393365,NA,Water level falling,falling,falling,inundated,Inundated source,03,2017-11-28,-0.4749377970548494,-2.110429632426097,7.4,2.8,2.5600000000000005,0,NA,72.6,12.408000000000001,0,0,0,FALSE,NA,NA,NA,NA,NA,NA,TRUE
W1,QB,wetland_well,center,-0.9911397825779958,0.32115341565000005,79.56502975510705,NA,Water level rising,rising,rising,inundated,Inundated source,06,2018-03-08,2.324076426388899,5.854614978935146,3.1,-4.1,0.76,14.2,NA,59.2,9.527000000000001,34,34,34,FALSE,NA,NA,NA,NA,NA,NA,TRUE
W1,QB,wetland_well,center,-0.6221882082631582,0.4867685901,70.2253918507089,NA,Water level falling,falling,falling,inundated,Inundated source,07,2018-04-11,-0.4584137097221941,-2.4427250972222083,5.1,-3.3,2.06,0,NA,54.6,10.867,0,0,0,FALSE,NA,NA,NA,NA,NA,NA,TRUE
W1,QB,wetland_well,center,0.3649542845789166,1.39044815595,71.55278049445896,NA,Water level falling,falling,falling,inundated,Inundated source,08,2018-05-02,-0.8237248590277346,-1.4717958666666533,21.7,6.2,1.87,0,NA,36.6,21.989,0,0,4.3,FALSE,NA,NA,NA,NA,NA,NA,TRUE
W1,QB,wetland_well,center,1.821749083640527,6.1326629928,60.31213784168115,NA,Water level falling,falling,falling,inundated,Inundated source,09,2018-06-26,-1.6074221673611007,-2.402308070138851,21.7,16.3,2.1,0,NA,71.4,21.989,0,0,3.6,FALSE,NA,NA,NA,NA,NA,NA,TRUE
W1,QB,wetland_well,center,-1.6073984837332898,0.15040830195000002,39.5895685770978,NA,Water level rising,rising,rising,inundated,Inundated source,10,2018-07-22,22.36453090625,17.4833295451389,23.9,21.9,0.6900000000000001,0.5,NA,88.6,23.463,18.8,18.8,18.8,FALSE,NA,NA,NA,NA,NA,NA,TRUE
W1,QB,wetland_well,center,-0.9149950527539913,0.35051860755,5.314519233810779,NA,Water level falling,falling,falling,inundated,Inundated source,11,2018-09-05,-2.057822105324081,-14.716093900925921,28,23.7,2.15,0,NA,77.5,26.21,0,0.5,0.8,FALSE,NA,NA,NA,NA,NA,NA,TRUE
W1,QB,wetland_well,center,0.2071944570746133,1.18022177385,40.10251581289485,NA,Water level rising,falling,rising,inundated,Inundated source,12,2018-09-29,-0.18848203711964828,15.3886497411211,18.7,14.6,2.07,0,NA,77.1,19.979,5.6,6.8999999999999995,7.699999999999999,FALSE,NA,NA,NA,NA,NA,NA,TRUE
W3,TB,wetland_well,center,-0.19754433645823521,0.7707437509500001,8.164623729903301,NA,Water level falling,falling,falling,inundated,Inundated source,01,2017-10-17,-2.03496565060391,-2.524153053360923,9.6,3.2,2.42,0.8,NA,64.4,13.882000000000001,3.8,4.3,5.8,FALSE,NA,NA,NA,NA,NA,NA,TRUE
W3,TB,wetland_well,center,0.1701549150042137,1.13548848705,25.18411068921725,NA,Water level rising,falling,rising,inundated,Inundated source,02,2017-11-01,-1.0676117604217268,26.250381091262994,11.8,8.3,2.32,0,NA,79.1,15.356000000000002,0,49.5,49.8,FALSE,NA,NA,NA,NA,NA,NA,TRUE
W3,TB,wetland_well,center,1.2298893632907018,3.3708510436500005,40.8281965779274,NA,Water level falling,falling,falling,inundated,Inundated source,03,2017-11-28,-0.8770055706216979,-2.833127321810899,7.4,2.8,2.5600000000000005,0,NA,72.6,12.408000000000001,0,0,0,FALSE,NA,NA,NA,NA,NA,NA,TRUE
W3,TB,wetland_well,center,-0.025285777061387845,0.92503123065,91.29045550258215,NA,Water level rising,rising,rising,inundated,Inundated source,06,2018-03-08,0.530258016307954,8.125027192746472,3.1,-4.1,0.76,14.2,NA,59.2,9.527000000000001,34,34,34,FALSE,NA,NA,NA,NA,NA,NA,TRUE
W3,TB,wetland_well,center,-0.0490190869902615,0.9021629556,77.49660296121151,NA,Water level falling,falling,falling,inundated,Inundated source,07,2018-04-11,-0.469455107948491,-3.823072273309222,5.1,-3.3,2.06,0,NA,54.6,10.867,0,0,0,FALSE,NA,NA,NA,NA,NA,NA,TRUE
W3,TB,wetland_well,center,0.17943169056668087,1.1465371665000001,77.7574842356805,NA,Water level falling,falling,falling,inundated,Inundated source,08,2018-05-02,-1.0709715520833782,-4.081455855208333,21.7,6.2,1.87,0,NA,36.6,21.989,0,0,4.3,FALSE,NA,NA,NA,NA,NA,NA,TRUE
W3,TB,wetland_well,center,2.2672216361434576,9.60254524125,60.27135754193053,NA,Water level falling,falling,falling,inundated,Inundated source,09,2018-06-26,-3.3857802107638975,-4.650002865624941,21.7,16.3,2.1,0,NA,71.4,21.989,0,0,3.6,FALSE,NA,NA,NA,NA,NA,NA,TRUE
W3,TB,wetland_well,center,0.5468044528891619,1.6777231663499999,28.190488348180512,NA,Water level rising,rising,rising,inundated,Inundated source,10,2018-07-22,25.58090659131944,20.00889804062502,23.9,21.9,0.6900000000000001,0.5,NA,88.6,23.463,18.8,18.8,18.8,FALSE,NA,NA,NA,NA,NA,NA,TRUE
W3,TB,wetland_well,center,-0.022488842002563608,0.927762147,63.26747191461523,NA,Water level rising,rising,rising,inundated,Inundated source,12,2018-09-29,0.6351793171291575,28.11271789918935,18.7,14.6,2.07,0,NA,77.1,19.979,5.6,6.8999999999999995,7.699999999999999,FALSE,NA,NA,NA,NA,NA,NA,TRUE
